,train_acc_new,train_eod_new,test_acc_new,test_eod_new,train_acc_fedavg,train_eod_fedavg,test_acc_fedavg,test_eod_fedavg,train_tpr_new,train_fpr_new,test_tpr_new,test_fpr_new,train_tpr_fedavg,train_fpr_fedavg,test_tpr_fedavg,test_fpr_fedavg,train_acc_fairfed,train_eod_fairfed,test_acc_fairfed,test_eod_fairfed
0,0.8133225020308692,0.0025151741914026804,0.8174139051332033,0.02214805825242716,0.8398050365556459,0.12203791469194308,0.838856400259909,0.10563309061488668,-0.0025151741914026804,-0.0005590183139389943,0.02214805825242716,0.0015356706934685077,-0.12203791469194308,-0.06540474668529665,-0.10563309061488668,-0.06472148378827322,0.8485783915515841,0.06221418475097701,0.8401559454191033,0.06541895972076489
1,0.8214447463768116,0.004972855591748093,0.8292572463768116,0.008296626724428824,0.8460144927536232,0.09730727470141154,0.8509963768115942,0.11578947368421055,0.004972855591748093,-0.001374988744415745,0.0020594965675057586,0.008296626724428824,-0.09730727470141154,-0.06228800418092727,-0.11578947368421055,-0.048794696695724275,0.8531476449275363,0.0567643865363735,0.8568840579710145,0.10480549199084671
2,0.8222911016401911,0.009552604512653717,0.8207644628099173,0.010685342711594326,0.8459253519307762,0.11088554051061733,0.8414256198347108,0.08145979703356748,-0.009552604512653717,0.0019434429923388952,0.006362217017954697,-0.010685342711594326,-0.11088554051061733,-0.057980071103099495,-0.08145979703356748,-0.07466863567226519,0.8523827973653623,0.06738145644107535,0.8496900826446281,0.09098360655737708
3,0.8137175324675324,0.01969916057914406,0.8103727714748784,0.01700348432055749,0.8400974025974026,0.14352782107378265,0.839546191247974,0.11722080136402391,-0.01969916057914406,0.00307613496510923,-0.001278772378516646,-0.01700348432055749,-0.14352782107378265,-0.05532170099518338,-0.11722080136402391,-0.07442508710801393,0.8433441558441559,0.11250492948489227,0.8508914100486223,0.05128919860627178
