,train_acc_new,train_eod_new,test_acc_new,test_eod_new,train_acc_fedavg,train_eod_fedavg,test_acc_fedavg,test_eod_fedavg,train_tpr_new,train_fpr_new,test_tpr_new,test_fpr_new,train_tpr_fedavg,train_fpr_fedavg,test_tpr_fedavg,test_fpr_fedavg,train_acc_fairfed,train_eod_fairfed,test_acc_fairfed,test_eod_fairfed
0,0.8282696994313566,0.013640999490056094,0.8207792207792208,0.1339869281045752,0.8463038180341186,0.06956484786673472,0.8402597402597403,0.052287581699346386,0.013640999490056094,-0.0028166728805415625,0.1339869281045752,0.008051061678463096,-0.06956484786673472,-0.04849140344129499,0.052287581699346386,-0.0291582406471183,0.8519902518277823,0.06826874043855174,0.8454545454545455,0.05555555555555558
1,0.8310688405797102,0.008898352215848615,0.8405797101449275,0.07414187643020592,0.8506567028985508,0.07538175519997464,0.8586956521739131,0.02960644375540559,-0.008898352215848615,0.00013985509762841353,0.07414187643020592,0.008072345157475451,-0.07538175519997464,-0.037308287095831304,0.021967963386727685,-0.02960644375540559,0.8567708333333334,0.0788775364276294,0.8541666666666666,0.05697940503432497
2,0.8340436523311378,0.0010134115761983864,0.8347107438016529,0.0714285714285714,0.8481208833785354,0.05247474274536734,0.8512396694214877,0.10476190476190472,0.0010134115761983864,-0.00025177896908048364,-0.0714285714285714,0.0017636959575464337,-0.05247474274536734,-0.037783739894800016,-0.10476190476190472,-0.034118932417668175,0.8528993930001292,0.043100348481257156,0.8553719008264463,0.07619047619047614
3,0.8242694805194806,0.01721630896295001,0.8284789644012945,0.046153846153846156,0.8465909090909091,0.09015296923166399,0.8511326860841424,0.01888544891640867,-0.01721630896295001,0.0012609649122806987,0.046153846153846156,0.012693498452012383,-0.09015296923166399,-0.03897029505582137,-0.015384615384615385,-0.01888544891640867,0.8421266233766234,0.08005195913065388,0.8511326860841424,0.03076923076923077
