,train_acc_new,train_eod_new,test_acc_new,test_eod_new,train_acc_fedavg,train_eod_fedavg,test_acc_fedavg,test_eod_fedavg,train_tpr_new,train_fpr_new,test_tpr_new,test_fpr_new,train_tpr_fedavg,train_fpr_fedavg,test_tpr_fedavg,test_fpr_fedavg,train_acc_fairfed,train_eod_fairfed,test_acc_fairfed,test_eod_fairfed
0,0.8225832656376929,0.008348876454392029,0.8311688311688312,0.13654618473895586,0.8422420796100731,0.08372561210291024,0.8506493506493507,0.19076305220883533,0.008348876454392029,-0.0020967928067488553,-0.13654618473895586,0.01424741478360781,-0.08372561210291024,-0.05147411184590138,-0.19076305220883533,-0.036652623515894295,0.8469536961819659,0.0499961858712937,0.8571428571428571,0.05393000573723472
1,0.8327672101449275,0.00479913137893595,0.8333333333333334,0.08686440677966101,0.8491847826086957,0.05628664495114005,0.8460144927536232,0.1393008474576271,-0.00479913137893595,0.000756770900297972,-0.08686440677966101,-0.0017119984567901259,-0.05628664495114005,-0.04627524355391344,-0.1393008474576271,-0.04769483024691358,0.8517889492753623,0.04697562317997163,0.8496376811594203,0.11652542372881358
2,0.8260364199922511,0.002732188396135593,0.8130165289256198,0.03032345013477089,0.8488957768306857,0.09387003587187703,0.8429752066115702,0.05929919137466311,0.002732188396135593,-0.0018752525899094555,0.03032345013477089,-0.01283539731682147,-0.09387003587187703,-0.04471236755503008,-0.05929919137466311,-0.049600103199174406,0.8512204571871368,0.06844227167391514,0.8502066115702479,0.06873315363881405
3,0.8311688311688312,0.017844611528822052,0.7961165048543689,0.14393939393939392,0.8498376623376623,0.08360902255639097,0.8187702265372169,0.20454545454545453,-0.017844611528822052,0.003116883116883115,-0.14393939393939392,0.03311948676824379,-0.08360902255639097,-0.04562437562437562,-0.20454545454545453,-0.001764234161988773,0.8478084415584416,0.07498746867167921,0.8220064724919094,0.21969696969696972
