,train_acc_new,train_eod_new,test_acc_new,test_eod_new,train_acc_fedavg,train_eod_fedavg,test_acc_fedavg,test_eod_fedavg,train_acc_fairfed,train_eod_fairfed,test_acc_fairfed,test_eod_fairfed
0,0.8235580828594639,0.00423124653447049,0.8090909090909091,0.05654320987654321,0.8346060113728676,0.0351429907072177,0.8181818181818182,0.10888888888888887,0.8394800974817221,0.048614493297891276,0.8285714285714286,0.1367901234567901
1,0.8274456521739131,0.0021786492374727406,0.8260869565217391,0.20402298850574718,0.8388813405797102,0.0419389978213508,0.8360507246376812,0.18678160919540232,0.8453351449275363,0.06535947712418305,0.8505434782608695,0.1135057471264368
2,0.8281028025313186,0.00271950271950272,0.8295454545454546,0.06910336950314111,0.838563864135348,0.039294039294039296,0.8429752066115702,0.0982295830953741,0.8469585432003099,0.05505605505605504,0.856404958677686,0.07310108509423185
3,0.8295454545454546,0.030698104484512267,0.8122977346278317,0.07647058823529412,0.8457792207792207,0.10060101710587149,0.8284789644012945,0.01764705882352946,0.8482142857142857,0.08229311141932505,0.8349514563106796,0.04117647058823526
