,train_acc_new,train_eod_new,test_acc_new,test_eod_new,train_acc_fedavg,train_eod_fedavg,test_acc_fedavg,test_eod_fedavg,train_tpr_new,train_fpr_new,test_tpr_new,test_fpr_new,train_tpr_fedavg,train_fpr_fedavg,test_tpr_fedavg,test_fpr_fedavg,train_acc_fairfed,train_eod_fairfed,test_acc_fairfed,test_eod_fairfed
0,0.8290820471161657,0.012641738461083019,0.8181818181818182,0.09199363732767762,0.8388302193338749,0.04654054534150459,0.8298701298701299,0.12248144220572638,0.012641738461083019,-0.0018114342123597554,-0.09199363732767762,-0.01376477556591383,-0.04654054534150459,-0.026606102354864474,-0.12248144220572638,-0.04068914012000721,0.8456539398862714,0.032114196894852426,0.8311688311688312,0.15906680805938495
1,0.8379755434782609,0.01095544704204654,0.8206521739130435,0.14707238358690644,0.8434103260869565,0.02298829229064967,0.8251811594202898,0.18410942062394348,0.01095544704204654,-0.0013604454495139695,-0.14707238358690644,-0.0024373491852203027,-0.014829091223369784,-0.02298829229064967,-0.18410942062394348,-0.021364793980172984,0.850203804347826,0.029049097871317896,0.8333333333333334,0.21761180267404334
2,0.828361100348702,0.008474000425234385,0.84400826446281,0.05778894472361806,0.8420508846700245,0.04912114576552051,0.8553719008264463,0.027638190954773878,-0.008474000425234385,-4.4871185760672616e-05,0.05778894472361806,0.013887792945632447,-0.04912114576552051,-0.025380374424278804,0.027638190954773878,-0.014826797127751912,0.8485083301046106,0.04587270587152226,0.8605371900826446,0.011378521265682947
3,0.8222402597402597,0.0014540801488978072,0.8317152103559871,0.013425925925925924,0.8344155844155844,0.05570096357044535,0.8446601941747572,0.03928571428571431,-0.0014540801488978072,-0.0012503220050389882,0.0035714285714285587,0.013425925925925924,-0.05570096357044535,-0.022130071186674965,-0.03928571428571431,0.0030092592592592584,0.8376623376623377,0.08833052211171216,0.8349514563106796,0.08214285714285713
