,train_acc_new,train_eod_new,test_acc_new,test_eod_new,train_acc_fedavg,train_eod_fedavg,test_acc_fedavg,test_eod_fedavg,train_tpr_new,train_fpr_new,test_tpr_new,test_fpr_new,train_tpr_fedavg,train_fpr_fedavg,test_tpr_fedavg,test_fpr_fedavg,train_acc_fairfed,train_eod_fairfed,test_acc_fairfed,test_eod_fairfed
0,0.829731925264013,0.009480194613894655,0.8245614035087719,0.11065026697177727,0.8451665312753859,0.052085519670153006,0.8401559454191033,0.14487986270022885,0.009480194613894655,-0.0017775655311471905,-0.11065026697177727,-0.010000847529451642,-0.04842414256632077,-0.052085519670153006,-0.14487986270022885,-0.06445932329481784,0.847766043866775,0.042994287891671035,0.8486029889538661,0.1205186880244088
1,0.8257472826086957,0.00849916734893924,0.833786231884058,0.0040954741098213066,0.8491847826086957,0.08471876444607818,0.8559782608695652,0.08817007956175815,-0.00849916734893924,-0.0007070160636948875,0.0040954741098213066,-0.00012283411253102838,-0.08471876444607818,-0.047868969242871554,-0.08817007956175815,-0.04549955285387085,0.8540534420289855,0.08638406656752834,0.8532608695652174,0.07400547802269469
2,0.8299108872530027,0.00609013398294761,0.8331611570247934,0.06374269005847949,0.8473459899263851,0.061147536735169816,0.8533057851239669,0.16081871345029242,0.00609013398294761,-0.0009191289663355515,-0.06374269005847949,-0.004371097234611952,-0.061147536735169816,-0.05176352372481223,-0.16081871345029242,-0.048230746357418974,0.8509621593697533,0.05412444605696215,0.8548553719008265,0.14106562703053926
3,0.8250811688311688,0.005769230769230804,0.807131280388979,0.012229350441058544,0.8502435064935064,0.11846153846153845,0.8282009724473258,0.13148148148148148,0.005769230769230804,-0.0025770752565848834,0.0,0.012229350441058544,-0.11846153846153845,-0.050670837886249445,-0.13148148148148148,-0.03299919807538092,0.8478084415584416,0.12730769230769234,0.8282009724473258,0.10925925925925928
