,train_acc_new,train_eod_new,test_acc_new,test_eod_new,train_acc_fedavg,train_eod_fedavg,test_acc_fedavg,test_eod_fedavg,train_tpr_new,train_fpr_new,test_tpr_new,test_fpr_new,train_tpr_fedavg,train_fpr_fedavg,test_tpr_fedavg,test_fpr_fedavg,train_acc_fairfed,train_eod_fairfed,test_acc_fairfed,test_eod_fairfed
0,0.8212835093419983,0.010078514394305627,0.8148148148148148,0.20471698113207548,0.8355808285946386,0.08060144359799298,0.8375568551007148,0.28920990566037735,-0.010078514394305627,0.0034773159789453223,-0.20471698113207548,-0.011157575309007475,-0.08060144359799298,-0.04744135744683204,-0.28920990566037735,-0.05829200898033701,0.8456539398862714,0.052813649674881724,0.8395061728395061,0.188502358490566
1,0.8170289855072463,0.002389615652681254,0.8269927536231884,0.16550890969495619,0.8413722826086957,0.11246041325677708,0.8532608695652174,0.038204265145174984,0.002389615652681254,-0.001553026668505736,0.16550890969495619,-0.001802087978545995,-0.11246041325677708,-0.04101062362444603,0.028054632705795446,-0.038204265145174984,0.8490715579710145,0.08116308602791023,0.8609601449275363,0.10111077552938019
2,0.828361100348702,0.0011495056688549665,0.8125,0.09142768079800495,0.8448921606612424,0.064652045071112,0.8321280991735537,0.16630299251870323,-0.0011495056688549665,-0.00018697120442812132,-0.09142768079800495,-0.014720514019251743,-0.064652045071112,-0.04201698165023719,-0.16630299251870323,-0.05346974982318601,0.8509621593697533,0.04361119018269507,0.8414256198347108,0.17369077306733172
3,0.8060064935064936,0.008718429900695934,0.8103727714748784,0.027682843472317142,0.8400974025974026,0.16389084369379936,0.8411669367909238,0.23103212576896792,-0.008718429900695934,-0.0009891643253936919,-0.027682843472317142,-0.017046459959497454,-0.16389084369379936,-0.035371713912113564,-0.23103212576896792,-0.04785592103969643,0.8417207792207793,0.08866995073891631,0.8411669367909238,0.17771701982228294
