,train_acc_new,train_eod_new,test_acc_new,test_eod_new,train_acc_fedavg,train_eod_fedavg,test_acc_fedavg,test_eod_fedavg,train_tpr_new,train_fpr_new,test_tpr_new,test_fpr_new,train_tpr_fedavg,train_fpr_fedavg,test_tpr_fedavg,test_fpr_fedavg,train_acc_fairfed,train_eod_fairfed,test_acc_fairfed,test_eod_fairfed,test_acc_new_ft,test_eod_new_ft,test_tpr_new_ft,test_fpr_new_ft,train_acc_new_ft,train_eod_new_ft,train_tpr_new_ft,train_fpr_new_ft
0,0.9308333333333333,0.00010690988354990216,0.9233333333333333,0.0467328370554177,0.9498333333333333,0.04657114465020977,0.942,0.09305210918114143,0.0,0.00010690988354990216,0.0,0.0467328370554177,0.0,0.04657114465020977,0.0,0.09305210918114143,0.997,0.0002249863700237928,0.9966666666666667,0.002695470247652411,0.997,0.007137192704203013,0.0,-0.007137192704203013,0.99625,0.002851248804980281,0.0,0.002851248804980281
1,0.9308333333333333,0.00020102246373131238,0.934,0.008503854160986202,0.9478333333333333,0.04207294364599733,0.951,0.05054837188563584,0.0,0.00020102246373131238,0.0,0.008503854160986202,0.0,0.04207294364599733,0.0,0.05054837188563584,0.997,0.003908299900123576,0.997,0.0008901620255276016,0.997,0.007137192704203013,0.0,-0.007137192704203013,0.99625,0.002851248804980281,0.0,0.002851248804980281
2,0.9265833333333333,7.332361464004733e-05,0.9266666666666666,0.012627789846482843,0.9478333333333333,0.05174505613743639,0.9476666666666667,0.06414046359954907,0.0,7.332361464004733e-05,0.0,0.012627789846482843,0.0,0.05174505613743639,0.0,0.06414046359954907,0.9966666666666667,0.0010463147235143938,0.9966666666666667,0.0029835774222213623,0.997,0.007137192704203013,0.0,-0.007137192704203013,0.9959166666666667,0.002851248804980281,-0.002199341107023356,0.002851248804980281
3,0.9289166666666666,5.7894899459356997e-05,0.9276666666666666,0.007504332246600284,0.9508333333333333,0.052837345029902866,0.9496666666666667,0.05984374541075571,0.0,5.7894899459356997e-05,0.0,0.007504332246600284,0.0,0.052837345029902866,0.0,0.05984374541075571,0.99625,0.002851248804980281,0.997,0.007137192704203013,0.997,0.007137192704203013,0.0,-0.007137192704203013,0.99625,0.002851248804980281,0.0,0.002851248804980281
