,train_acc_new,train_eod_new,test_acc_new,test_eod_new,train_acc_fedavg,train_eod_fedavg,test_acc_fedavg,test_eod_fedavg,train_tpr_new,train_fpr_new,test_tpr_new,test_fpr_new,train_tpr_fedavg,train_fpr_fedavg,test_tpr_fedavg,test_fpr_fedavg,train_acc_fairfed,train_eod_fairfed,test_acc_fairfed,test_eod_fairfed
0,0.8112103980503655,0.0029103998287212662,0.8096166341780376,0.09897828863346103,0.8372055239642567,0.12706738746453994,0.8401559454191033,0.22094508301404858,-0.0029103998287212662,0.00013512776732449439,-0.09897828863346103,0.009865005192107992,-0.12706738746453994,-0.06379579978183436,-0.22094508301404858,-0.051021958817719024,0.8391551584077985,0.07368329497404053,0.8473034437946718,0.1901776384535005
1,0.8141983695652174,0.003178512112708365,0.8097826086956522,0.010501060956790126,0.8469202898550725,0.16053991753049657,0.8392210144927537,0.16139846743295017,-0.003178512112708365,-0.0009028243005790304,0.004310344827586188,-0.010501060956790126,-0.16053991753049657,-0.050811921566504485,-0.16139846743295017,-0.06300636574074074,0.8483922101449275,0.0767710898573965,0.8446557971014492,0.07471264367816088
2,0.817254294201214,0.02324909283581128,0.7990702479338843,0.010899045705675542,0.8457962030220845,0.15705126146666243,0.8326446280991735,0.15407601396723075,0.02324909283581128,-0.0030613724595943137,0.008125167875369321,-0.010899045705675542,-0.15705126146666243,-0.05434621721957204,-0.15407601396723075,-0.05902561526870919,0.8488957768306857,0.0868779636706164,0.8336776859504132,0.09582326081117382
3,0.807224025974026,0.0077404479578392915,0.7909238249594813,0.021372328458942658,0.8433441558441559,0.20750988142292487,0.8298217179902755,0.20247469066366708,-0.0077404479578392915,0.002818749180051358,-0.021372328458942658,0.0004181184668989521,-0.20750988142292487,-0.05509680079464738,-0.20247469066366708,-0.05128919860627178,0.8474025974025974,0.1403985507246377,0.8314424635332253,0.10742407199100112
