,train_acc_new,train_eod_new,test_acc_new,test_eod_new,train_acc_fedavg,train_eod_fedavg,test_acc_fedavg,test_eod_fedavg,train_acc_fairfed,train_eod_fairfed,test_acc_fairfed,test_eod_fairfed
0,0.8185143500281373,0.016104533232699614,0.8179775280898877,0.1339285714285714,0.8418683173888576,0.10188216425303082,0.8449438202247191,0.0489462676962677,0.8415869442881261,0.07583376574366713,0.849438202247191,0.03555341055341055
1,0.8062283737024222,0.002920870950610735,0.7862068965517242,0.04926108374384236,0.8347750865051903,0.11717022844509944,0.8,0.16256157635467983,0.8408304498269896,0.10869565217391303,0.8068965517241379,0.12807881773399016
2,0.8200059898173105,0.022751437823208154,0.8038277511961722,0.035438417791358964,0.8412698412698413,0.09993475424097437,0.8325358851674641,0.1782945736434109,0.8382749326145552,0.05484465649132479,0.8325358851674641,0.15503875968992248
3,0.8176149649259548,0.009524009755277119,0.8255451713395638,0.04600647598488937,0.8476227591582229,0.17202085610966278,0.8566978193146417,0.2760416666666667,0.8499610288386594,0.13287360188377767,0.8442367601246106,0.328125
