,train_acc_new,train_eod_new,test_acc_new,test_eod_new,train_acc_fedavg,train_eod_fedavg,test_acc_fedavg,test_eod_fedavg,train_tpr_new,train_fpr_new,test_tpr_new,test_fpr_new,train_tpr_fedavg,train_fpr_fedavg,test_tpr_fedavg,test_fpr_fedavg,train_acc_fairfed,train_eod_fairfed,test_acc_fairfed,test_eod_fairfed
0,0.8168968318440293,0.006151454210535201,0.8090909090909091,0.12514970059880243,0.839642567018684,0.09909249150795124,0.8298701298701299,0.19101796407185628,0.006151454210535201,-0.0021813066507024303,-0.12514970059880243,-0.007474813129671756,-0.09909249150795124,-0.053180862281303545,-0.19101796407185628,-0.06653583660408491,0.8394800974817221,0.07072482382167544,0.8350649350649351,0.1230538922155689
1,0.8241621376811594,0.004920709995805683,0.8152173913043478,0.06856206856206853,0.8466938405797102,0.10079156143748275,0.8414855072463768,0.15514215514215507,-0.004920709995805683,0.00012954809712836107,-0.06856206856206853,-0.013202519379844964,-0.10079156143748275,-0.044802771013115,-0.15514215514215507,-0.05651647286821706,0.847259963768116,0.07572574671818805,0.8405797101449275,0.07944307944307943
2,0.8199664212837402,0.039818506497152906,0.8161157024793388,0.03653070372030476,0.8425674803047914,0.12316849919698108,0.84400826446281,0.13962348722545942,0.039818506497152906,-0.0048109061695309555,-0.03653070372030476,-0.014800519996447235,-0.12316849919698108,-0.053477287057104854,-0.13962348722545942,-0.0700218818380744,0.8452796073873176,0.10555374611125462,0.8481404958677686,0.129314208874944
3,0.8056006493506493,0.012013591133403445,0.7864077669902912,0.29230769230769227,0.8449675324675324,0.23938192702855754,0.8317152103559871,0.08843537414965986,-0.012013591133403445,0.002731487282295452,0.29230769230769227,-0.056122448979591844,-0.23938192702855754,-0.04121789249467485,0.0461538461538461,-0.08843537414965986,0.8465909090909091,0.20479734649300213,0.8252427184466019,0.08333333333333333
