,train_acc_new,train_eod_new,test_acc_new,test_eod_new,train_acc_fedavg,train_eod_fedavg,test_acc_fedavg,test_eod_fedavg,train_acc_fairfed,train_eod_fairfed,test_acc_fairfed,test_eod_fairfed
0,0.7244449721002019,0.002553680017200355,0.7169990503323836,0.029511533242876586,0.7630297993588983,0.10762696394017213,0.748338081671415,0.13679976739678235,0.6528552772171435,0.05579800979282534,0.6353276353276354,0.01821832785688207
1,0.8087725381414702,0.022144522144522227,0.8191268191268192,0.017168738150410756,0.8483009708737864,0.1561812528420613,0.8482328482328483,0.17010743627554248,0.8821081830790569,0.07328114182244233,0.878031878031878,0.07446808510638298
2,0.8023809523809524,0.006784144234288081,0.8014505893019039,0.03357041251778092,0.8433106575963719,0.1451992992811591,0.844061650045331,0.1286549707602339,0.8607709750566893,0.046052966818146024,0.8549410698096102,0.020199146514935984
3,0.7864966033550533,0.02777777777777779,0.7827050997782705,0.07456140350877194,0.8384860668237903,0.15963173134208453,0.8281596452328159,0.17400007459810274,0.9164009427422709,0.05074735649107343,0.9124168514412417,0.13157894736842102
