,train_acc_new,train_eod_new,test_acc_new,test_eod_new,train_acc_fedavg,train_eod_fedavg,test_acc_fedavg,test_eod_fedavg,train_tpr_new,train_fpr_new,test_tpr_new,test_fpr_new,train_tpr_fedavg,train_fpr_fedavg,test_tpr_fedavg,test_fpr_fedavg,train_acc_fairfed,train_eod_fairfed,test_acc_fairfed,test_eod_fairfed
0,0.829731925264013,0.003296703296703285,0.8317089018843404,0.08461959496442256,0.8425670186839967,0.04694749694749695,0.8453541260558805,0.1272577996715928,0.003296703296703285,-0.0006715111068212806,-0.08461959496442256,-0.016997881098841608,-0.04694749694749695,-0.04005862179682898,-0.1272577996715928,-0.05920166276179009,0.8482534524776605,0.03982401642040653,0.847953216374269,0.0991242474001095
1,0.8378623188405797,0.005906623235613473,0.8374094202898551,0.10320366132723108,0.8508831521739131,0.04837133550488598,0.8487318840579711,0.1731121281464531,0.005906623235613473,-0.0008756307635449379,-0.10320366132723108,-0.016845375033447088,-0.04837133550488598,-0.033542959168594386,-0.1731121281464531,-0.047959017410425325,0.8542798913043478,0.05078175895765474,0.8505434782608695,0.10514874141876435
2,0.8312023763399199,0.004503150953633017,0.824896694214876,0.03709532374100721,0.8488957768306857,0.08375276490964478,0.84349173553719,0.047650345054222804,-0.004503150953633017,0.0011808628007601712,0.03709532374100721,-0.012092111829213374,-0.08375276490964478,-0.032969324555474064,-0.030050959232613916,-0.047650345054222804,0.8556115200826553,0.08571011226576525,0.8419421487603306,0.04424240211292463
3,0.8210227272727273,0.011851791926219546,0.8103727714748784,0.014706749768978199,0.8449675324675324,0.12462583933338722,0.8460291734197731,0.1347644603458557,0.011851791926219546,-0.00244721009273572,-0.002981514609421587,-0.014706749768978199,-0.12462583933338722,-0.04028995427779094,-0.1347644603458557,-0.04233105916124339,0.84375,0.13223040207102987,0.8444084278768234,0.08855098389982113
