,train_acc_new,train_eod_new,test_acc_new,test_eod_new,train_acc_fedavg,train_eod_fedavg,test_acc_fedavg,test_eod_fedavg,train_acc_fairfed,train_eod_fairfed,test_acc_fairfed,test_eod_fairfed
0,0.8269699431356621,0.007046214879947887,0.8285714285714286,0.11818181818181811,0.8420796100731113,0.050025239300487176,0.8428571428571429,0.18181818181818177,0.843216896831844,0.045477239510125084,0.8428571428571429,0.17575757575757578
1,0.8335597826086957,0.005117267684782156,0.8278985507246377,0.03923973022685473,0.8499773550724637,0.058062426298242764,0.8442028985507246,0.10214592274678114,0.8504302536231884,0.053283640757617656,0.8469202898550725,0.09356223175965661
2,0.8259072710835593,0.010969484657915862,0.8398760330578512,0.08915239350021964,0.8459253519307762,0.07881652808846495,0.8553719008264463,0.05972771190162496,0.8455379052047011,0.07492086270206388,0.8522727272727273,0.07070707070707072
3,0.8262987012987013,0.001600989027970949,0.8090614886731392,0.08571428571428574,0.8478084415584416,0.0966470205594212,0.8220064724919094,0.12698412698412698,0.8474025974025974,0.12183871794366363,0.8317152103559871,0.07619047619047614
