,train_acc_new,train_eod_new,test_acc_new,test_eod_new,train_acc_fedavg,train_eod_fedavg,test_acc_fedavg,test_eod_fedavg,train_tpr_new,train_fpr_new,test_tpr_new,test_fpr_new,train_tpr_fedavg,train_fpr_fedavg,test_tpr_fedavg,test_fpr_fedavg,train_acc_fairfed,train_eod_fairfed,test_acc_fairfed,test_eod_fairfed
0,0.8235580828594639,0.006790709360431024,0.8226120857699805,0.10117461257526406,0.8451665312753859,0.07750341978169234,0.8427550357374919,0.17382291975125852,0.006790709360431024,-0.0017876464778644463,-0.10117461257526406,0.005716253443526165,-0.07750341978169234,-0.06272062881104007,-0.17382291975125852,-0.05798898071625345,0.8466287571080422,0.05073946419377537,0.8414554905782976,0.13473497186852235
1,0.8297101449275363,0.0034624244169306206,0.833786231884058,0.0038025038025038538,0.8506567028985508,0.08696731932047225,0.8555253623188406,0.08383058383058378,-0.0034624244169306206,0.0007983825465488065,0.0038025038025038538,0.002273547455792134,-0.08696731932047225,-0.053003573443671244,-0.08383058383058378,-0.04906772524960905,0.8491847826086957,0.06879139072847679,0.8496376811594203,0.04122458799470709
2,0.8304274828877696,0.010313100640303885,0.8367768595041323,0.10508812770202863,0.8492832235567609,0.05494330524184832,0.8522727272727273,0.16569670768207517,-0.010313100640303885,0.0007401833804325103,-0.10508812770202863,-0.0075898833912399905,-0.05494330524184832,-0.05336334576891425,-0.16569670768207517,-0.0600254007288553,0.8490249257393775,0.044711202200345135,0.8548553719008265,0.19582086243210284
3,0.8141233766233766,0.010167464114832547,0.8168557536466775,0.04598577235772355,0.8429383116883117,0.14747095010252909,0.8476499189627229,0.09222560975609762,-0.010167464114832547,0.0012034421466588091,0.04598577235772355,-0.01052182015840969,-0.14747095010252909,-0.0478682960971213,-0.09222560975609762,-0.05703525392141637,0.8392857142857143,0.17224880382775126,0.8541329011345219,0.06783536585365857
