,train_acc_new,train_eod_new,test_acc_new,test_eod_new,train_acc_fedavg,train_eod_fedavg,test_acc_fedavg,test_eod_fedavg,train_tpr_new,train_fpr_new,test_tpr_new,test_fpr_new,train_tpr_fedavg,train_fpr_fedavg,test_tpr_fedavg,test_fpr_fedavg,train_acc_fairfed,train_eod_fairfed,test_acc_fairfed,test_eod_fairfed,test_acc_new_ft,test_eod_new_ft,test_tpr_new_ft,test_fpr_new_ft,train_acc_new_ft,train_eod_new_ft,train_tpr_new_ft,train_fpr_new_ft
0,0.73675,6.596175944051375e-05,0.7353333333333333,0.0339169035862138,0.7785,0.10260382504228949,0.7763333333333333,0.06608309641378624,0.0,6.596175944051375e-05,0.0,-0.0339169035862138,0.0,0.10260382504228949,0.0,0.06608309641378624,0.6990833333333333,0.06683587140439931,0.692,0.08909497087131876,0.9863333333333333,0.004158004158004158,0.004158004158004158,0.000728510529999362,0.9860833333333333,0.008587088033500693,0.00013521214441514218,-0.008587088033500693
1,0.75825,0.00020229317701886407,0.7523333333333333,0.02135438727832123,0.7875,0.072543595732666,0.781,0.048394193419164566,0.0,0.00020229317701886407,0.0,-0.02135438727832123,0.0,0.072543595732666,0.0,0.048394193419164566,0.69575,0.06899978833825701,0.696,0.08504579835085016,0.9863333333333333,0.004158004158004158,0.004158004158004158,0.000728510529999362,0.9859166666666667,0.009882124511870866,-0.0009047820601644219,-0.009882124511870866
2,0.7416666666666667,8.974239343984003e-05,0.7523333333333333,0.016032293596920266,0.77775,0.08783037055959991,0.7886666666666666,0.07309280861076572,0.0,8.974239343984003e-05,0.0,-0.016032293596920266,0.0,0.08783037055959991,0.0,0.07309280861076572,0.6943333333333334,0.10705244200460043,0.7013333333333334,0.0757164651315183,0.986,0.00519750519750517,0.00519750519750517,0.000728510529999362,0.98625,0.00849109232251661,0.0006644526842404241,-0.00849109232251661
3,0.7405,0.00017569026349917305,0.75,0.023178723675001567,0.7765833333333333,0.0867064656431954,0.787,0.11269485270725965,0.0,0.00017569026349917305,0.0,0.023178723675001567,0.0,0.0867064656431954,0.0,0.11269485270725965,0.6945,0.1051898892270745,0.6876666666666666,0.06408470325996102,0.986,0.00519750519750517,0.00519750519750517,0.000728510529999362,0.9860833333333333,0.008387247905603011,0.0014768003690496245,-0.008387247905603011
